"User ID","Anonymized User ID","Course Specific Anonymized User ID"
"101","a756fc9abde3f8685cba5afafb1a7dd0","251c42e6fa4771f851dfed5978362344"
"258","16fe01978e343613a2f48314b7158336","6ce4df02c7d2441ce3d5adbea1ad9c20"
"824","97819bced4823fd54ac6aa2603201ca6","d4bfb00c750eb0999d50ffa96dcd0cee"
"1403","3a402ed6cc84b789eece9b507665b8c5","d1a7038a190c95121c32b65ef2835cfc"
"2950","581b8af5b5311cfd41649dbaf0ba5f90","c1868b62515aca63cbb3a0531b1696bd"
"4947","0a3175f798f7a1311c0c22a68d2a0c8f","298f85b5abf0766507fec1dc94cc87bd"
"5974","b6e9818ca9d3883440fea3207dc802d1","965b46158400da5f16fd4c6cbdccea9a"
"7300","1e518a67aa129bf2fd208edcb4bfacf7","f99dc0aec2783f69a627f0ec2085c501"
"7719","a7da6d5def08a36f5c5279aa96758e5b","32f8c1eaf43eb477fe1f56329d73ad24"
"10206","8f1b9bd7266551c33b62611557ebe375","81705b044645a8065ae5e01dcb6a306e"
"11101","ae798b33f42616f4590da4ead38c060a","3cbc86aef646df886146b30b10a96919"
"13969","cf8bbc70f9b7f67fa5b6e68bf202393e","ad0ef1f04ef9a906876166bcb22b4d17"
"16461","2b2a233b6b12c73aaecb0e959fb11940","f323115e8a1e37ab747e1ae924ed07d4"
"17001","2235d83e7a0e610813be196e75ab5f34","ded840b2cccc214fe97a5bd230d55371"
"17062","71c8d96a133dec28dcb167e52b5dcc78","d04fe098cc6e7ccba172ca601517c2e5"
"21469","a88f2ec29e53d54b7ce8e55f10142ef0","cf6fb58adba03f71e495babfeb826935"
"21813","296dd08160aa732638ea9dee82ca2a4b","e03c1cab1cba77db0694189283807eda"
"24568","e17cd71418423abf7af54b97dae938ed","ad69340a7d1493c52b6b0d1abb022bd9"
"26085","91ec5a361c5c2d6f324ed9b1c56bbf5e","7ce55c156d1f693b40267d687cd0ee31"
"28898","08df1b9404cc4231a7df7364b5165aea","42dad487e5478799e2c9eb7aead7bcf0"
"29233","1c8781ba5c79d30087c16be6a71354df","d08f0405087a26322ee8d29a85776ab3"
"29576","ec7fb8656d1c6a1db9965d9f6c3b142c","28852a3b77c8e7f4ceaa24de87b6e6ed"
"30736","87bf894c764bf18da0287890e0c0e08e","bd68561305afdad820642abd76478835"
"31154","006ed0b5c8c0e507ad9d6d39e2d8b6f1","60d0e9aa5baafac18d59a0aafea762fd"
"31618","b169be5d4ebfb0348b39ce3367eac291","0d13fbd950a8e89a97bd861a8d6f8d2b"
"32196","d2aa842d20d3211523f6697d1eb67d34","0b7909e0a70098b742c775aeac94b35f"
"32263","a1ec547aa4a8678a0b1bf7e1eb9edc21","13530f8a4a6562e9f6ba388c8d1f7beb"
"32295","bddb40360739d7d1ad8158ec38ef2d51","b53441fd3fe4acfb90c6891e759c6788"
"32472","fcfc9a787e77d0be8e25912ded801bb3","c106db00df45bb1e8cc822cb67f842d5"
"33300","c55e25b0fe02b22a4038696f1be61bf4","e16968f54b4dad491d6a6773dcd7932c"
"35707","b1b822eeb9e5d7f875351ebbafbf06b7","28b1feb2e2d1912f2ffb9a638b157b89"
"35831","12f341dbaf3d85d8d26e69728d7a90e7","2948f4a07cdbb2e2450a240b09d65607"
"35834","f875bed6eb53506d9e1de69cf1465c33","b4678056bb7209455ef0b532a034a15e"
"36386","a02be1883dc24901eb594a14015f1517","d1b29bb8134add4382d2e9c9e360db8a"
"36608","57b64198c35bbe399759e6fb22be522a","9a1d2e069abae4eb002f7289895039ee"
"37207","0f62455cf618ab7390caa376f471c8da","8dac6550b91950125782c45a5effc0da"
"38131","da46de8d88c865fe790aa0bbea0e18f8","5a7b83a1eab26b389cca8c79c682a88c"
"38671","d46faabe020a655f324d064dd3ad1393","2e266d52fa512ee7c70e188455505335"
"41886","548900cb0aefb607577be57e1cb40549","dcdcc4649484b7403eae34f3d5afe6ff"
"42893","31b99e144756f16feb3b46394fbf20da","07b12c06f9507740700c0681ac1939f6"
"43910","146fff63bea6f0de8db1ce83ecbf5b13","0c97390a6a69a025295e3f394028217d"
"46683","695bb40d428cc8e8b0ea80e1225603eb","327771b6b4eb1d198f5868eb531c2ddb"
"47533","15b2d7ac0794c24109ada84533c8f48b","4bb6ad72f19555cc92f9ab357efe477d"
"50745","045cfe297c58c2719962fb9e7ec7c2fc","4e5fa2d5634676775f494f26953f3b52"
"54564","02d8e625729df5eec9de5cd37caea154","815cf72479445a37d4c33a7bb28b3206"
"54720","032192be4e25a5f07738fec91774ab86","5312b7da2d8d175b366c2d4a24535244"
"55589","1345478afbd5af8110f2d98f58e920a6","86c874cab6f14962d6af870a28525dfb"
"57573","5b5bd21df67932f09e75d4cc0ec5c83a","7ba57bddbe47e95823f2bc9016b384dc"
"58282","0b8ad37e40b11c568da5af6d5621ec44","02868a7d672feab57aab9afb3555243d"
"60871","e82466bbb0ded61b11aa148c89043571","7f027a85e7052584bd39f07786fa3ce1"
"61396","26d94a92058fc13e4ccc322acd6c719b","6745724768a3c86552d27bff3204ce60"
"61996","cda652cae50ae93c526c88d79b22e500","8ebbcfd005efc7ce3bc5d9660ccbde79"
"62227","df2d8465db84c5990bde8464aae49ba9","726d39b76cb94e157c5d9a3b9ea86bbf"
"62427","204cb7e64879b242f134e57a9fca7b1c","f798f5cf9073d867e9394181434747bf"
"62462","81e5f1ee7c186437382029bb6bc04e8e","d3ba85ebe504676a6b1cf9ff4e9a71fb"
"64892","8007e89e634211c8fb438e8292bcfbc0","c1fadff56c0c5a758da83f6225b39fe1"
"68047","92d4c6ccb5b6fe84576313b8cde48693","5b4437b80abc437a15192d39550ce3f8"
"72425","34425bccfcd6b1b45668b535e4996d16","461191e59ed6d61a839071f26a679e75"
"75535","52f25adce3f94ff0eb3f2101484a973f","e97c359c4670bc05d578348f7fc7dbb2"
"77355","ac7bcf4509e4e91b63db39d86fd5e9af","8d16cc97e1df8279db94a6ee4a567deb"
"79989","57b0697fd9945eb2abdced1412028f75","deb05d92226c6865b75f766e8369d062"
"81364","d1b99d9064af19c5a4862c31572f3e99","89506761103f3187192f110998b37e7f"
"82659","69507e9fd3c5e4acca1a0f981e62134e","7acc2218c9fdc5d558c081912b0e7fe5"
"83021","36d16752bc2f5d31b920dcb3be3969bc","c2909381d3b514ef54a9bb0d4701ee47"
"83744","68d16d493c5d7a41c869527bab5715d1","e49af53b05f164e0834081bd3f8f59eb"
"84060","53d3e8246af86359dbdb73822158f843","f5930b043053681915020a19e3f5096c"
"84691","629689d91d363a85949abb79627fc7c7","5f974e5c2ecfa7883022b1f0c862a550"
"86478","d30dd819f50fd3c51d2beec45c2dd1c7","2d34911bf83e12baf69100a6f733f1a6"
"86982","c16867bf01495a1d65094e8c2953f3c3","6cc5aea1aa60ccc74e3335afd275c885"
"88151","11b91e9e58e265a6271af4b8cf3f4815","ac862151c5cb8f355129690077226032"
"88897","dd144ef87eb2719259c8d65727cbb64e","327d0562236a77c29a1e6beeb22b2ea8"
"89340","c57e1721dca1975fbecc6c8505f1c855","75263e258d5f013cb5d6509aec225cc2"
"89933","f46960c9bbef83f2ecec237baa1bb2fb","c66fc0f263765b79df5fb4242c5fd6bd"
"90371","15c52de523b89d024e7a14fc7f3986d4","50a4ef3a7d51da314b1fc8f256c26378"
"90377","f6c4283e4033dc51efa0ce111cc60502","50a9add41469662c2090565044828a73"
"91159","7a9cbb27a4552b7ddf189e814ba56f84","5340f0af0c5705029d2479541d834bff"
"95482","7e4c1e1c9c7c1bc2dfd289624a75a8be","538300b15ea04fdecb2038ec73ca5de1"
"97926","4043c5cd73dd562d8ac72fb195840f41","e9ca1e30f3c928f41f6d989e4d17a796"
"101148","7fa8e5b9bc5f3398d79178f715cea8da","2cbd434be0804e5b12b60d09420e0f2e"
"102522","adba253933c671f9d1078d78ce3946e2","e9940ac48d3125af684edcbe649e9158"
"106786","144fe4c1ab191017f6aaf29739caaa96","1ddebf05cbfbe46442ae2261c195572a"
"110778","d69fd5b4a48363a79f1f7fef4c8e3888","b2803b16fb7192027b1076cc0812d895"
"111909","448316f0cfccd02c8785a0e827903029","2480c839976603c8045e58ccd4e1cf28"
"117481","3778904a84f07f613c60c0898f7b4bc6","f12404596fdb41751f4b3d3a6e31a72b"
"122271","ee150e8d91d1cd6d5cc5504a230fb2ba","014152d81c4d589f1449520ae825d9cd"
"123961","efca49c1d965fb0246a81b7c427c85db","b54fc8279d0ea1c9a64dff00bbf33480"
"126228","63d6c1017901a3b2da85376af3be0281","74cc84f7a09355838971817f384e0695"
"127900","5887d45fcf3d1bbf05da4d38009012c2","d19c2e9e82b4645da66190121ebb39d1"
"128020","52f0193069f8bac9eeb50964500fc585","0a81640c858fae8241e028c40cc31045"
"128021","97c5fe5954cf80270e7f740533a2865b","db574a2c40a58d091000ae32b8d70a50"
"128152","12893a23e4204b55dd589b6e8f5f7b86","91bf9f803e56ff3266dfed9502e5145c"
"129205","dbfe5cc7ea8c3ef5fec13871889eda2e","509a45b4ff31aab40c36967b0b9a531a"
"129275","c3ed44f0332e0a5a4b384e46ec39de66","ae090fe88696af8a7757771bd32cba18"
"129864","912c85c13ada050f829cc6209021f266","09584120cf583d4837c29ccc6a1ba4e9"
"130138","62002497675069c16d912c536253a516","e4d837f18053d1c9d4689509930896ec"
"131076","5e00fe6f74c8724fc77b96794fb62a1d","0cddaa0b00d4aba4a44d444c8df66ca7"
"131953","3374b1246e431c5da49f40ff1b7ef13b","3125b7826c8e9fe211ef42d675ab6717"
"131986","6501f1886e63b5c4101af2f79dab0d1c","7f92c5a232f707ee0cf4f2f7e3134ad6"
"132055","2ceeb5a5db73025b378d5bf295972962","3ca7decf01c461c220e84cb2aef3626e"
"133512","c0c9f9f131b8272bae4cd587c466ba3b","031ce98cd3cacc17eec6b27e44148e19"
"133831","001a3b86b76472d074d01ce27c17b403","b6ea326ae9067f59b7edd4dce9cc80a1"
"134445","495796aca88f731806859881cb1d7391","4079e897fc9e7d962ae7b574c7c30445"
"135865","0529f28f060902c7c5b136380cbf00a9","c7a8e101ecf8d63e050f7c234140f7e4"
"135981","bf9a313d03b689d2c7cf76896fced023","732edc2445878ac6ab49c5b9e8bdc9e7"
"137757","f00c60fe3427e2a19690fd171176d23c","5513612e8717fb3fde80795c44600c01"
"139753","048084c8565e4b6d14712c341468ac04","18ab20b2e3b9d4be6062bf93750e601b"
"139764","e0c03bc10f75b7ff2830a4017eff3e64","49f69fe6f58005cd86b690a9af9e3029"
"140494","95738003f907eda6c6550dee2edb4090","45fb2592e061689c6372da09c02193ef"
"140530","4173122e665fb1ff4be1fd599e7ef2bf","4262f87dff1016f2878d01afc23f3861"
"143173","88ddf6f8d50473e68590675e595962cb","066e425214268dcac38f3b609ac18758"
"143466","f1a3a7ed49d96907897c25ec69fef2f9","3b8343e3bda580165c1b90ea722308cd"
"144323","b0f10e35eae7a74ea99a2cedf1d667c9","03d96dd866b0fbc89e89e8a319712e98"
"144450","36e4dca67157585c8db8a85cd0f8691a","ebd311dcdd956e178e34c7a2681f9690"
"144530","d59c0f9721efbd90b27b9aa556dee6df","9fa521d49b6a2443edca531845102bc0"
"144534","a5120c25da32a10653b341a84f2c4ac8","857c2b58d0ec17652a2999e05db13d1d"
"144602","e6a0d4b17a4dba9518f59f3c753e7bb4","5cbf6a4ed32b82ac263557d4213df1de"
"144825","f23f062062255fdcedcc93a027d0ada5","d514059f993c1a6a823ee62df7864d5a"
"144970","b85031a08164fad0f0df20f047e67b0a","ab4de0cf192185416636a0c02b411696"
"145424","15860f21588bef54392ac81e4ccd4f5d","5037d09a1cc7155708bf1b8bc92b6603"
"146942","e040b2b8c91eb72f08f50526841375d5","0654ceb309b8f16686a3c12e97a78a8a"
"147138","0c5daa141aa6860e19d856f571c13ca9","c149b1a5bfb40325a1a04d611bd95320"
"147391","6a01fc7bc5198bb1ad71b9fc338f471b","f5bf9879f63e5b1f196675c0e187dcdd"
"148366","4de923194ccea3b334f077d91b637d0b","ae540f46876a3eb6f42ed491df7a1c1f"
"151120","8b4da85569926bef2b70dab7e308af41","090ff8d81eadeba999c18bc2b72c37af"
"151492","8d3a6bf74c1f8612f79a3602b050c5ec","cec33dc807b2236937e888a077cf9af6"
"152175","f21a85e5fc76b5dd8958277b4bd5f9b1","9bca62465543e5b82d56d0dc249f0e5c"
"152384","453c939c74635b06b2c5243c9a092db7","a6aea53e84fe41a5e43dbde2f7a93868"
"152480","def6eec56c75255b9563289620d7f937","9d27b206179a4383b360ed0088fc18e2"
"152750","c809cd4fb2a03f7f0f90978ba6416049","c26be49a0b59a8959d702807a70d10c8"
"153427","24890892217f71b0240d929c09f19904","aea31c6c29c0b5b072eb19b68259fcae"
"154046","70b4e99056b9373d4b0b13cc11f4620e","8d26093918098f156ca2013ca4a7af05"
"154388","982ebabdfa6369ec00de3a5abcd23083","3e0bd41f89c74e4fded4010cedd6e06a"
"156686","0fa7797c9f92536a382e7ec0448d22ed","1d910199eb4280705d2675a7c196fdbd"
"157910","1d5caced7ebb375db176ffa4c19dba10","f3df3efe6a904817d509b01168709b74"
"158875","9f76efef313d5e9066a1fd08101d880e","ad9bf74d2ab69d64080e086c21251192"
"160002","a39d6f0fb758e0701f5b8dd4a9a6e817","fad508ba40a65df2581491dbfd0274a4"
"160509","c9ace7af49bd186feeb533abbd5c5f3b","eb02ea63d2df5c28965f2e593db7c71a"
"162251","842876fc0222a946a5e57b6d4fe7986d","bd3b9fbfff31d4134cd8e72feaedae95"
"162560","f7d61162f7ad6c4aa060a235d4a98da1","dde247939b3871020578cdc7656159d1"
"165589","b350912368e64163dc8055cad7733bad","ed52c5b8da49259319b0c8cd978af569"
"165617","7b4716a3fcdcb36f4cf4c970bb25dc5a","36dc793a164869f97faedf83fb4089ac"
"167072","32bc01590f662fffe75aa269cee95486","9c2e937b1981266d195f153da9812efb"
"167997","ad482da14cc60c0f42f232385a077827","86f22f9dd1d1dc2b332bb2497f0f0f07"
"168700","7f54367269bc758a5ce50313c25e3b05","5f14e93d7c4ec0e12f2958bf3f2f1f25"
"170011","78e4d7cd139a655d3e73b0df1cef4af2","37cf2511c8dcd01ae963670788d9d385"
"170043","3dc39297f633bb3cd075630aa46d7c19","a509ea8f7b79941f49d9d63499dbfaf1"
"170452","31eb5156519e5b21f28fc363349ab532","6176841b6a185e867b0330a08a29ac1b"
"171093","a5b42261427d3478ba75be147ca4a14d","f4c411c5b77f67fa0a4aadbbf214b884"
"173302","37f7bfb40f684aa6d259790084f93667","e0721b83f35d53d04b0e6619e4c88ece"
"173310","abd9556f062c851915c1ac4badb29e42","80ce4a6082bc760aa20e8895db572c63"
"177072","e31e441b6c385f38b386043432fbd83f","27159662cd674579ddef81b55b04a730"
"177315","d4f68284ff0ebf608501fb63acc167c2","04908948b8296a82c89c4577cf5194ea"
"178899","766cb37b95879760758bd1f605ec3b4d","fe9c3f3c11daf9198cf9f87a321cf3c2"
"181237","1056e750f149251cf140cfc78643ace2","7214d882a5fb748b03744e4a927233b5"
"181699","a8d2f5d2312e9c4ceb43f9db39f11bae","ae6d6fe53aa80f18fc99c03f36ad9bc9"
"182272","512d82853833c26dba07cf2d1bfa0bea","0478e851446b94c5790902bda5dfedb1"
"182375","dce6ad895ce71187aa2a4d94eb121daa","d6446338a4b998f553dee2302a20985d"
"183408","2496e5d32047aafd855eeb51560e9841","5bfe6da53175879670e2a4cbfc20e13a"
"184074","6d36b9661ac664c53753883ccae4693f","328ec4c15b0170b70496fc9d849930a9"
"184175","0c7c786ea66683c0af37b7be2e8984d4","c033fbfa0ad418f6f5217c692adfeccf"
"184321","3025b3547484f234d7dcd99cff5d68e9","d91d0d5f93698d7dc79e7c2f532521c6"
"184323","4e5078b31ebba0cce26b715639b3e4f0","751219990a253dea18b05416e9f1b4b0"
"184359","d1e8c0787fea9e8da8358c8f4b43e50d","c59bb43eeb4a35677ecd1bb24cbe5a2f"
"184533","5cf6eb8a677e2096870a5790cb62089a","088414530c9d9b59dcfe3fa3428b6997"
"184572","0ec11d2cc24679060966ac2d3dbcdce0","0bef08c6f15ece940773b0c55526540b"
"184616","fd9b213f9675333305c9e773c262d70c","6c2f5eae14ad78482cfa1c7cb55dfa7f"
"184660","b97e309285392b9d65341bfef70b0dd7","d700c38c0c0aa65a43313aa7aaa860f3"
"184712","d065b8eb17c882dd48f8c0287b03b7f9","a4b136a3df3da1efaefa5a9630e8bb22"
"184881","87c465e39054841cf14663e29ba6aac4","78b5f9b812f1f11c12750ef2943368d4"
"184892","deea43ad2fe5b66e9799de1020d14d44","041c4bfb8a553a6b7d79bd77ee88eb51"
"184983","b1c2fe067cfb77a8170ad34096033b69","81c318b0aa156cb3b2e569d6c68bc0e3"
"185006","7e4985537a1b3fcd804162c8f8ce7e42","8ed5b50fab4a700e73f4614cf2346890"
"185034","ca2224b83006bcd7109eb052e0639111","7439f2fb1aec4fd6aead71ac06b64564"
"185073","1cee7d8d73cc4ca19a469a5b5a60a78e","8edee26185cb4b298f0b3b8eeeb59452"
"185278","ec7163bc99e6eb8c91021b3358630f55","ab066bfb6ed3153f046d1ee5f7757b42"
"185299","186062ebf2da042b6af27c82bad4ec6c","4a40693d58b10a95e3799b95d6a96880"
"185517","5a91a1003aed2b793744c7a54f1f21b8","4ff2cc1a8f2632b372074458b622a042"
"185856","2a18ec12c3f30e424b7d0b7819cecee9","9299927df622dfa211d774a95378003c"
"185857","d32df2360b511438ee5751fb4bb55a71","28d5e4505e7f68ab7dfc9d9e8a188372"
"185994","c9583d2c64a23a4685b0bc16529ca8b9","4471bb2035c899f5472ac9e8c56fdb8f"
"186060","259cd527e3356eaf736a7b3613dda2ad","84df780e05cedf080cad95aa1636af5c"
"186081","5cbc51828441ba64c2878d532b209dee","dd90143533ff08aee35c8f2a9ed5b5b1"
"186094","813e4a23eb1ee85e3e96799a3a1591db","8f056a399cbdd67aeadbe45731c2769f"
"186276","e5495f5b8645c1491eced111059c2451","0e255ac1df9a1c886ee39e22dd2decbf"
"186337","d6636213b24d213bf09b7ab36198f4f3","71515383f4bd73f4aa0bc6e9182be4f9"
"186372","0c1bf586b725131c7e46588e9625abb9","0ac66850ea39d6fbb4fc82a674b545a0"
"186552","006a701b284050bf32f8641a3f5333f7","9d5f59e7007d6d5bbe2a5ef8abb706b7"
"186650","e3c1b86a09b5fce299f023b22947883f","bda88b08e72c10a1dfb30cae9530418f"
"186744","9063ea0315cc2b61a67bba72721fa4d1","7424f285fd3f44f31c3bead3467c12b4"
"186750","1177c3d3a0e65d040d0421c81099a74e","90ad273a491727e564c9aa074fca22d0"
"186769","3b3c992fe370145cc4cf32971bf42777","a97c88b45cea960784c195ee4b084d38"
"186779","fb232e14395e4d598f6d164bf47ef27d","7966f57ca73e458086d8fde8ef244ad9"
"186892","c2e5d06213d74d5ae9633e0416f7e5cd","7d903170c44ced6e4a881f2a36f74c92"
"186995","aef290e5058560ca0ea0d3deee8ec1db","6547194f479d52210969d1d442968490"
"187044","9145d5deeb32847b4991085de9c1c335","f0c8e28e89cd6f1e67b9aa36e1432a15"
"187051","d15ab074c1b7cb5452b73bd9b5bea3d6","88414ed311ba8ebde0701e8be43499c4"
"187059","251c0b3b0164bc9f51d584f19b3873f9","8d50c1e20d932f580cad696aa34b7135"
"187062","4cec1b89934dbe9f411dfcd3c0b0d16c","93395f00ba3c4bc9ce67d7a8762e2674"
"187080","6d8794a73829321077e02142bf42c17d","11ecef7232528de24c30e0ec0c11b79c"
"187090","5b97be084884e6355664269b6a89b706","bde0572801776c4182133b779222bccb"
"187096","abcd86111ba3c7250ab2e8f6dc2f0964","330c3274177838c5fd3dee0ddecd5816"
"187102","dc5dbc16e89d808354ca2ef0f7c84268","63aa8e919aff7e58fb558bbdc1d4ad41"
"187103","c4051ae486983005780667653154d40c","8e2c8169b2e7f971877c72ffa42b3d19"
"187106","446f66acd82d1e4dffb7471e0aeac2fa","297a4a17e282f3f223fa29ef69fb6913"
"187109","5f117566d523e52c2ae3d1cdadffbbd7","66a54e85121df165de78e76190ef8dea"
"187112","28185034b91ba88902c95c35fb32c229","fa8966255aea98fef32f87d0f89f1bb5"
"187118","f89083435adc51abd23dfba0685b3274","c0f270576e471454a92cd344c40f9c08"
"187119","5cd75a7df46062b8c7310052152e67fe","85009f63003b0008b9c5a80a1cb8fc6f"
"187125","f7fed1dd07b0b676cb9ad73fcad8c398","666d5481d53a8cdd3c6627e6d67e23e9"
"187130","d26609f585f8402cad1230136e7f82ae","471a35a30da101af21cc208c07783683"
"187132","7cf0edf0296a3e1ba0fb27bd9e416f21","556a95cdd0511fd2c05d22a8278d83af"
"187134","c83dbcb5261fef0103100f1e0796ef58","27c84342f24cde41c99b38e56b0c4ce0"
"187136","58336a85e8b466c94a540caf40fe85b7","bef12034d2e3306241122953f4c8001e"
"187137","30c041788d854d680d045c7dc6238d36","a0a8fa70c5e14058d63e050169bc4507"
"187142","8324ac4d1acc7ad310e54c01541fd0c9","54efbb94f4e5b7fc330c836ff1012a8c"
"187146","ff18c587c3f680bcc1c6f72b0b637a52","a24d1e28a5690f3ff414d64788193f9d"
"187150","b3b6a6dc5bcf456ffc68eb367c070748","ea02a8600144bfae8aa87bd4711b3c50"
"187152","56995dcbcfe0f8de3c46fd7c6a1785c5","5291327e7fa894adc50fefb1f49976af"
"187154","04c048e355f7a18c77b1022d7c4e4974","b822c3986c13d4efef6e23116be1d9fa"
"187159","5b23e76750758c8bc07d4a673a7094b3","36655360d8bd5beea17fdcaa4c8c65f5"
"187161","3af8dd4edf0cbab26b7b9bbea582972c","54ea741e43588b1c57de9242c943891e"
"187163","b0e9cf264a1eeec3dc6b50a02541dc9b","b3f11d8760c09db22e1fd1c2b174221f"
"187164","549cbce4e840c8cc3f5f122888888471","388d6e7fb8dc2ec2be7a21205c1c7b36"
"187165","c98e9730c6fd8f86b2debd3759a21d2b","3f09294c9b250e7bae35628af66813f4"
"187169","f064ae446394485d278e188d594361ce","de9d2896503c91799253cb1aaedeceba"
"187176","76a1fcf1efafc299b99c3631ea56feb4","d966f67537dc7884edb3ff717cd24232"
"187177","a3bb615dd6764b56788354040abbeb60","0236c3ed2ca2979e1784711a3a817e52"
"187179","f9d2e93219b8e230a9c69dd2cc23f779","2d8d691a4400a9d22989c435a7cc051a"
"187181","39def1a58c7e8a2089384033e457521a","3648a02081aa440f36b10a4c02c34526"
"187192","940132384621411dfdaa07b0dbc84f18","c08022591bf8b6013e221a2ec11b5a16"
"187194","c2dc78f2dcd5db59f4b0854d3e4279b3","12837f6c70435cf09936ebc0c19a7dcd"
"187198","46cf943edb4b9c404291b7b91bdfd722","e8ba4e0f91acccc01809168be13b1dcc"
"187202","608537ad3fab7440d1a59299de17ebb2","c016c29aedc556b4ffd07063449f217c"
"187211","9ec5b4e3632f4af12077bcd3302c7d3f","78696de06271fe205381ee62870f254a"
"187215","efa9e58bf3329862563d40d0c1f75b46","c434c9f8616a6b70969e1ba8d558d93f"
"187219","e4d04b2b7d4a2ffd666c93195a5e5dc1","04add7b74312cdd1b1b63964daa74c02"
"187227","ed702141422e219304d4c21e340abf31","5bdeeb6cd3c6ba6e8abc43c55ded86ce"
"187239","f5619aa649b19326705b526b146005db","b23a189254e66ce3944e3a55d8274899"
"187240","441d7862888e0926d76644c4aa89a54e","3270aa4f5db6f415da0d4485890ce63a"
"187242","8289217c29b4addc3ab959449ec6cbb7","c69c7e5638f538532bc6026bb916228c"
"187245","b2e7df421cf30772ec02a959ff9d656d","8932b5ececa23cc7160c6c9cf443e1cf"
"187247","96514bb94e5dfa19b3113609479bf413","34f5caee8b0a75f6e6a1ca5a2c87b61c"
"187248","913e6774be7edcb43f3fb72b6b865322","0cfa395453f859bba992f9cc03ab1450"
"187249","b1809eb69736b5219e8f82f6ef255ccb","fdba1370f6157a39f6e2bbb4f05a876d"
"187252","c8edb5cbe6e8ec46fdfd1911e71cad45","ecd429c3f96be5966d2ce9087db3f8f9"
"187253","c5c0277dd02d17459dc34f903ddd73e0","06c85ae11faad9f03e06e48f67ecec87"
"187255","ef7dc5fe3eb1fd36c07c634a6dbbe877","f996df07b0d7ea0c003beb2754a59141"
"187257","da89b1c19c98947fb80ae9558c725ec6","4696abc6ccd0d5699d59a3c806ba30bd"
"187258","959746255a95858a9a87f9bc5318cc0e","321dec842b1ad9ca8312b57737dd3dc7"
"187263","efe47f8390a6ce57e72ef0a29be740a0","2e207900d8cfd12078d59fd9be68ba3e"
"187268","acbf670e421e39a6b143e19ae121bcab","37ecd06a147b9218fa4eb4f9dac0aacb"
"187279","7df589c5d26b6120010a4f563d60966a","c891616ba1131cf74133d5a07c049617"
"187285","c5846ac9b6477f6a1e7a5d30770f9f42","62420d09c208906c5ab0a41da68bf360"
"187286","8cb8f9daff1f986911aa7237837d8cc0","d7425d454ff97adae82ad38180636e3d"
"187288","0fe44530c2fb5e252fd32863800f48a7","e04136a476b3c5a9aa47b09fc50a1be4"
"187296","8e2dce8ad048e2e868b929b96658081e","f5571d42cc8ec6ef05b938856061dfc8"
"187300","4187654fb36b7320a6cdcaaa88099a34","671d3f357df4580792c053225b23e292"
"187309","8ca467be72cde59340524a66710b3403","9f7f67f3195dff74be9e7544b3f0ea78"
"187310","f4f46693f1e3c98e84e760b0cb4b557e","b2713db4d164b277b130ebe1263a7d20"
"187311","22509982e1d2054af0eee8c3a8c0f45f","abcbd2793dfd75abfb1546cadb6fe27a"
"187322","f68c55b509620447cfc6cf43916c2c61","dbaaca24b64de1b9a0c88e0312fb983f"
"187326","d22c60379e9d690b082e040df3575a71","13924aea756f00a3674d7152a3e9ea9e"
"187329","27c841c6453f4da53575f3153582219a","91e320172d648efd9878c663fb528449"
"187335","d53b0f49d6a5375d91276e1c02545d6c","06e15c028415d59dcf8f3220749c4846"
"187336","1f5994730ef93aacb4eb1caa82d8d3bd","e14f70fe4306a9792c01b7cba2e60330"
"187338","7f58cb99d567027718a810ef60c2d85e","82f15c7b7bb9bafc6e5087bb61f59882"
"187342","16c4e8b1a7edd99351f733c4b9867bd1","84f2698a3f11dbae1844907e7c3aaa0d"
"187343","ef0e52cec19015f3e24fdc422536ea27","6a75eb0a01a5647229acbbe98d321583"
"187355","21e81655a0d9c9cfa933dfdf0837b9f5","4f462b8c41a304d701971fecb0431422"
"187356","bac51a02c409c1462b6fad1b66097b02","165292d4997eafe0c8c016a43349cc7a"
"187364","995457d866ba2eb347bd6a2f084a774d","8720ca6f6ddbbf29f94b9fd6616629b0"
"187369","ca552ebf6da525cef0020a949891a41c","5cb05d88c7c4f4c08bef1424b0915686"
"187376","dcd8c5bfdead08595b8dabcd9cd914b3","6dca340a199b8d61ac4dbf63daa1f3c4"
"187381","40fa5a47b8fcc3919aa89c402d6224e6","6bf48766be5ae9520ed44fe139472b3e"
"187388","d93c1c058fc194af2eb9dab0495d3479","1a40376e2d598b2122c0fd175c9455a7"
"187395","ba1f7ef9fe3cdf5cc06f3c172d1a80be","728e14a4d439b0d0028b37bea4250474"
"187398","cbc5bfef0b9426fc94fc3c455ca7ec1b","f4c4f82459c4ed9ec7415b6371714e41"
"187399","4a8c855752529ea277869d82bdb8984b","026e53ebe06342f9decb736156107476"
"187400","d061513f6a8051b495502d3eac971751","c7cb08ddf98445dacde2dee4919a05d0"
"187403","dfc8e6c3369e3f140b5c93fecf9697ca","01719924f65c8e1cc105abd75138b3c2"
"187407","bf6ea48ed823f430e2ec6573185742b9","659fa28f33736306089d6cde5e9ee53c"
"187409","12c87b3ba0961ddfe49fd665bbda8653","0c4929737eef4d0ab075bc49e5e90a32"
"187411","e2560e7a1e15c1235e480b590c2f60e8","2e2e6767021367e9a4edb112ec428dba"
"187412","6de685e8a9384ed2fd10f1c210ac8999","c13bd36dfd68718e3de134e1c217b064"
"187419","187d26f897f25056f67b14c1b8bac8f7","d2d2516a909bddd4a07816fd60b340fc"
"187422","d2de0d8e4a72c24116a915701f2a427c","7af130b71fc1acf08950a31d93723c63"
"187423","9f626b1845293354c0a8ad80a9828af9","a052ce8b45ea94905028215b0d877dfa"
"187424","8c170430343fc63f38f754908077493d","e36fbb8399af774ef1b2418495dc9a77"
"187425","22c9ecf8b834cda2f7f240642b10eb29","434f7ccae12f9a860b5804dcd3265759"
"187428","6137b93e7a9ba261ce37f27fd834cfe8","a93d469298b3f6ca2abbe6c67df5e1d6"
"187429","e874c039c4de16eda69ea9b0f0e534a6","cd640faa6c6561297a825d41853ae516"
"187430","398c8efde61114cdf0df2cff8c0926e2","aa0095f9bef84becf9b2000be37709e6"
"187431","bd42f3eddcd5bf38f45cff9362826f75","fb65057e8cd4d897d4ede21e95556835"
"187442","08d148b44560032551fa27a2d854ab20","c6dc6b2f5193256f5e0c94aaaaefbc57"
"187449","fc9a9cb2c65b00a63db8c44755de9cd4","5bd6629916806bcacd837b2d6ad287fc"
"187452","c69dd0ec6e2b84aaf36ac36761b10113","3644b523ef54e893d02b76cbf2b83a50"
"187456","31e459a45cba58bf38f3107477036185","76a7448c7981603e1218d60b30767649"
"187457","289d04233a158699a87b9a46a42f153f","42398163b2a5373f6dca16101d92bdd9"
"187461","0c96c3f9874613b2eb36a0d276256c77","91b0c79613d7b793c3a59e71b8c2d6fd"
"187477","5b116eb9be64118f494aafab07cb2f12","e68dbced112f552b225ab436442b012c"
"187480","7b159e9a447c04bdeccd331a5c6d96aa","e970b8395f4c0314eb0036ee454a6b57"
"187489","a630551ebc22f1b063a891f845f9bcf2","b6e4ea791c0af4dfa7c9cd1d73137eb1"
"187491","93d8f1caa380e694ced1f83a43d6b88d","90d59062deec60fc8cab1078b117e85e"
"187493","110b23a176312682f4f7b6f967f75070","1efbab73b12f192a210d9bb2dbd12559"
"187494","809f39bd5a97a4fd6f1826307538174b","ec7009481942ddaaf46fde4be5b6172a"
"187502","c206a62d32cbb5aec50c78246ea66817","ac2531f8b6c630ad97dd49186c8f4ea4"
"187504","0bde32bb2461fac1669424f09549c028","48e666a325638d7ffc8a6bb275b72038"
"187506","1dcb65c5e79a1a9b17db38f300d24351","03cc23d142c45897df0b9369da16b87f"
"187508","616f4733722eccaa360dc1e0730d5adf","3c4d6a276af0980a0fa65372904eb84f"
"187515","1526768fe79fa49b37e8934d3b544d04","fa79520687eba87b81d3bc47cdf41426"
"187519","b794e624a0f66fb85c4d77bb85553d7d","ac7c6aab42748af397b6b8d1b7ccd94f"
"187523","3b41441bea4596b659ddd41b90dbffe4","c2826a9bd6a272396ecb0c539b8ee831"
"187534","a6daace07e429178ea1e2207c7c7c556","74dd52ad831ca10af4f29ac398c33537"
"187535","3677f48dda702ec6fcc811e594e3d9e2","196f2376c5180b110ac24599d8c1b44c"
"187536","679a9eacf4c4787573a6b75ef0e1f900","a2a757c0290c5662beb149176a328e8d"
"187544","67afbe163b9dd9b4e1eaa016d75cfec2","214907c1b3d531d58e3f5be4a5e39c5f"
"187549","23e326ef10ac235c2fb0d8cbc7c6d52c","0bea3938908736de707de5c8b1fe9e21"
"187552","f84d47877ef2e08968f709dee46d58f1","f9c8d4a6fd99480276ee28916b245c17"
"187553","bd440566cd98d901040b0e4ca4ffc1ae","b47c70789945780b14e7d5a1a66df516"
"187559","8b2ade3de7676f2c089ef263ad7912c5","730e6bf36ca6d31e18e782b84b96637b"
"187560","aec69150199ae06fcba8a554ff695cf5","4ed15cd5b98eca7c7acf53f49009cb2a"
"187572","83de8331952e23928c5b9c6d52b1d940","c106e8c2d442fa9ad1f4fc8a238a4717"
"187573","6323a4065eaf5d296d1c233f4492696d","d48ce8387bb690c11b84d5991ec61c74"
"187579","00dcbf34a30c007a67d1d9266d3c22f6","9771d6b239c1dc00411674eb09c706e7"
"187580","a43551ed46416c1cd7d7876686e61b55","ab7afd35be1413488fe55c418dac108c"
"187586","4b9e4e9cae954f2fd23b9cad4b9df85f","85bef9a9a7c3a308af80749daeeeaea0"
"187587","f036b62892e1258415c264bad5ffa8ec","adf5c46b7adf47d8f555da69be7d10bf"
"187590","14cdc3051eaf76dff03e3c7c5600a153","78a9e3e9bd6e59447bab6cd402e8f0ab"
"187593","94319b7411741d34b219b7aa52a7c3fe","ea191ce041cd910e111b8e48bca4ecf9"
"187601","f061508a5c86b497c68ef6b38d3d7955","dc3a33dbe42214ee8c8b885c51fb2204"
